,go_sequence,p_value
0,GO:0000003,0.159
1,GO:0000012,0.494
2,GO:0000019,0.124
3,GO:0000022,0.156
4,GO:0000027,0.083
5,GO:0000028,0.106
6,GO:0000032,0.601
7,GO:0000038,0.749
8,GO:0000045,0.104
9,GO:0000054,0.397
10,GO:0000055,0.189
11,GO:0000056,0.645
12,GO:0000070,1.0
13,GO:0000075,0.407
14,GO:0000076,0.653
15,GO:0000077,0.085
16,GO:0000079,0.153
17,GO:0000082,0.36
18,GO:0000086,1.0
19,GO:0000103,0.574
20,GO:0000122,1.0
21,GO:0000132,0.084
22,GO:0000147,0.565
23,GO:0000154,0.129
24,GO:0000165,0.362
25,GO:0000183,0.822
26,GO:0000184,0.406
27,GO:0000185,0.145
28,GO:0000186,0.228
29,GO:0000187,1.0
30,GO:0000188,0.358
31,GO:0000209,0.241
32,GO:0000212,0.414
33,GO:0000226,1.0
34,GO:0000244,0.547
35,GO:0000245,0.204
36,GO:0000266,0.099
37,GO:0000278,1.0
38,GO:0000281,0.238
39,GO:0000288,1.0
40,GO:0000289,1.0
41,GO:0000290,0.422
43,GO:0000301,0.652
44,GO:0000302,0.508
45,GO:0000303,0.595
46,GO:0000338,0.353
47,GO:0000349,0.145
48,GO:0000350,0.26
49,GO:0000379,0.505
50,GO:0000380,0.031
51,GO:0000381,0.074
52,GO:0000387,0.291
53,GO:0000388,0.497
54,GO:0000389,0.482
55,GO:0000390,0.066
56,GO:0000395,0.637
57,GO:0000398,1.0
58,GO:0000413,1.0
59,GO:0000422,0.116
60,GO:0000423,0.727
61,GO:0000447,0.257
63,GO:0000455,0.272
64,GO:0000460,0.822
65,GO:0000461,0.615
66,GO:0000462,0.236
67,GO:0000463,0.173
68,GO:0000466,0.456
69,GO:0000467,0.259
70,GO:0000469,0.389
71,GO:0000470,0.667
72,GO:0000472,0.04
73,GO:0000478,0.381
74,GO:0000480,0.059
75,GO:0000492,0.692
76,GO:0000493,0.506
77,GO:0000494,0.817
78,GO:0000495,0.735
79,GO:0000578,0.929
80,GO:0000706,0.24
81,GO:0000710,0.476
82,GO:0000712,0.611
84,GO:0000717,0.141
85,GO:0000722,0.722
86,GO:0000723,0.044
87,GO:0000724,0.296
88,GO:0000727,0.153
89,GO:0000730,0.305
90,GO:0000733,0.732
91,GO:0000737,0.557
92,GO:0000738,0.416
93,GO:0000768,0.201
94,GO:0000902,1.0
95,GO:0000915,0.312
96,GO:0000956,0.205
97,GO:0000965,0.042
98,GO:0000972,0.195
99,GO:0000973,0.169
100,GO:0001172,0.237
101,GO:0001174,0.895
102,GO:0001188,0.819
104,GO:0001306,0.616
106,GO:0001508,0.438
107,GO:0001510,0.323
108,GO:0001514,0.869
109,GO:0001519,0.05
110,GO:0001522,0.121
111,GO:0001525,0.137
112,GO:0001555,0.429
113,GO:0001558,0.767
114,GO:0001561,0.584
115,GO:0001578,0.521
116,GO:0001666,0.599
117,GO:0001667,0.749
118,GO:0001676,0.303
119,GO:0001678,0.239
120,GO:0001682,0.302
121,GO:0001704,0.233
122,GO:0001708,0.402
123,GO:0001709,1.0
124,GO:0001714,0.269
125,GO:0001731,0.412
126,GO:0001732,0.123
127,GO:0001736,0.697
128,GO:0001755,0.012
129,GO:0001764,1.0
130,GO:0001820,0.088
131,GO:0001845,0.063
132,GO:0001881,0.647
133,GO:0001887,0.26
134,GO:0001932,0.852
135,GO:0001933,0.157
136,GO:0001934,0.232
137,GO:0001956,0.487
138,GO:0001966,0.377
139,GO:0002009,1.0
140,GO:0002028,0.107
141,GO:0002031,0.101
142,GO:0002064,0.826
143,GO:0002082,0.21
144,GO:0002084,0.225
145,GO:0002092,0.77
146,GO:0002098,0.22
147,GO:0002100,0.287
148,GO:0002115,0.516
149,GO:0002119,1.0
150,GO:0002128,0.147
151,GO:0002143,0.302
152,GO:0002164,1.0
153,GO:0002181,0.191
154,GO:0002183,0.163
155,GO:0002188,0.62
156,GO:0002225,0.3
157,GO:0002253,0.293
158,GO:0002926,0.3
159,GO:0002943,0.334
160,GO:0002949,0.822
161,GO:0003009,0.715
162,GO:0003333,0.014
163,GO:0003374,0.378
164,GO:0003388,0.579
165,GO:0003391,0.131
166,GO:0003400,0.666
167,GO:0005975,1.0
168,GO:0005977,0.739
169,GO:0005978,0.583
170,GO:0005980,0.743
171,GO:0005991,0.31
172,GO:0005992,0.283
173,GO:0005997,0.51
174,GO:0005998,0.382
175,GO:0006000,0.818
176,GO:0006002,0.306
177,GO:0006003,0.827
178,GO:0006004,0.68
179,GO:0006006,0.58
180,GO:0006007,0.695
181,GO:0006011,0.816
182,GO:0006012,0.495
183,GO:0006013,0.222
184,GO:0006014,0.018
185,GO:0006015,0.302
186,GO:0006021,0.936
187,GO:0006024,0.314
188,GO:0006030,1.0
189,GO:0006031,0.416
190,GO:0006032,0.68
191,GO:0006038,0.434
192,GO:0006043,0.406
193,GO:0006044,0.763
194,GO:0006046,0.77
195,GO:0006047,0.365
196,GO:0006048,0.255
198,GO:0006069,0.31
199,GO:0006071,0.005
200,GO:0006072,0.683
201,GO:0006081,0.929
202,GO:0006082,1.0
203,GO:0006084,0.072
204,GO:0006085,0.485
205,GO:0006086,0.595
206,GO:0006090,0.339
207,GO:0006091,0.225
208,GO:0006094,0.535
209,GO:0006096,0.335
210,GO:0006097,0.379
211,GO:0006098,0.357
212,GO:0006099,0.018
213,GO:0006101,0.098
214,GO:0006102,0.162
215,GO:0006104,0.551
216,GO:0006105,0.526
217,GO:0006106,0.653
218,GO:0006107,0.766
219,GO:0006108,0.305
220,GO:0006116,0.418
221,GO:0006120,0.234
222,GO:0006121,0.065
223,GO:0006122,0.158
224,GO:0006123,0.197
225,GO:0006139,0.113
226,GO:0006144,0.3
227,GO:0006152,1.0
228,GO:0006154,0.212
229,GO:0006163,0.899
230,GO:0006164,0.044
231,GO:0006165,0.281
232,GO:0006166,0.558
233,GO:0006167,0.512
234,GO:0006168,0.39
235,GO:0006171,0.907
236,GO:0006172,0.241
237,GO:0006177,0.36
238,GO:0006178,0.724
239,GO:0006182,1.0
240,GO:0006183,0.462
241,GO:0006189,0.012
242,GO:0006207,0.01
243,GO:0006208,0.057
245,GO:0006217,0.585
246,GO:0006220,0.265
247,GO:0006221,0.086
248,GO:0006222,0.143
249,GO:0006225,0.189
250,GO:0006226,0.31
251,GO:0006228,0.432
252,GO:0006231,0.37
253,GO:0006233,0.952
254,GO:0006241,0.397
255,GO:0006256,0.143
256,GO:0006259,0.305
257,GO:0006260,0.039
258,GO:0006261,0.599
259,GO:0006264,0.563
260,GO:0006265,0.445
261,GO:0006266,0.554
262,GO:0006267,0.209
263,GO:0006268,0.334
264,GO:0006269,0.356
265,GO:0006270,0.45
266,GO:0006271,0.339
267,GO:0006272,0.502
268,GO:0006273,0.574
269,GO:0006275,0.762
270,GO:0006281,0.001
271,GO:0006283,0.782
272,GO:0006284,0.719
273,GO:0006285,0.942
274,GO:0006287,0.204
275,GO:0006289,0.166
276,GO:0006290,0.448
278,GO:0006296,0.824
279,GO:0006297,0.213
280,GO:0006298,0.4
281,GO:0006301,0.649
282,GO:0006302,0.146
283,GO:0006303,0.007
284,GO:0006307,0.765
285,GO:0006309,0.602
286,GO:0006310,1.0
287,GO:0006312,0.357
289,GO:0006325,0.135
290,GO:0006333,0.671
291,GO:0006334,0.129
292,GO:0006335,0.884
293,GO:0006337,0.307
294,GO:0006338,0.353
295,GO:0006342,0.486
296,GO:0006346,0.916
297,GO:0006348,0.066
298,GO:0006351,0.127
299,GO:0006352,0.376
300,GO:0006353,0.799
301,GO:0006355,1.0
302,GO:0006357,1.0
303,GO:0006360,0.338
304,GO:0006361,0.056
305,GO:0006363,0.722
306,GO:0006364,0.129
307,GO:0006366,1.0
308,GO:0006367,1.0
309,GO:0006368,0.444
310,GO:0006369,0.093
311,GO:0006370,0.763
312,GO:0006376,0.051
313,GO:0006378,0.479
314,GO:0006379,0.541
316,GO:0006383,0.075
317,GO:0006384,0.408
318,GO:0006386,0.747
319,GO:0006388,0.77
320,GO:0006390,0.84
321,GO:0006396,0.141
322,GO:0006397,0.051
323,GO:0006398,0.69
324,GO:0006399,0.549
325,GO:0006400,0.303
326,GO:0006401,0.555
327,GO:0006402,0.4
328,GO:0006406,0.329
329,GO:0006408,0.203
330,GO:0006409,0.843
331,GO:0006412,0.0
332,GO:0006413,1.0
333,GO:0006414,0.197
334,GO:0006415,0.478
335,GO:0006417,0.273
336,GO:0006418,0.233
337,GO:0006419,0.557
338,GO:0006420,0.6
339,GO:0006421,0.616
340,GO:0006422,0.354
342,GO:0006424,0.547
343,GO:0006425,0.48
344,GO:0006426,0.376
345,GO:0006427,0.695
346,GO:0006428,0.439
347,GO:0006429,0.257
349,GO:0006431,0.889
350,GO:0006432,0.698
351,GO:0006433,0.465
352,GO:0006434,0.802
353,GO:0006435,0.76
354,GO:0006436,0.549
355,GO:0006437,0.566
356,GO:0006438,0.45
357,GO:0006446,0.541
358,GO:0006449,0.096
359,GO:0006450,0.556
360,GO:0006452,0.863
361,GO:0006457,0.042
362,GO:0006458,0.938
363,GO:0006464,0.132
364,GO:0006465,1.0
365,GO:0006468,1.0
366,GO:0006469,0.791
367,GO:0006470,1.0
368,GO:0006471,0.72
369,GO:0006473,0.123
371,GO:0006476,0.642
372,GO:0006478,0.324
373,GO:0006479,0.028
374,GO:0006480,0.086
375,GO:0006481,0.202
376,GO:0006482,0.629
377,GO:0006486,1.0
378,GO:0006487,0.124
379,GO:0006488,0.331
380,GO:0006489,0.237
381,GO:0006490,0.667
382,GO:0006491,0.487
383,GO:0006493,0.257
384,GO:0006497,0.765
385,GO:0006499,0.688
386,GO:0006501,0.44
387,GO:0006506,1.0
388,GO:0006508,1.0
389,GO:0006509,0.853
390,GO:0006511,1.0
391,GO:0006513,0.702
392,GO:0006515,0.775
393,GO:0006516,0.788
394,GO:0006517,0.09
395,GO:0006518,0.031
396,GO:0006520,0.396
397,GO:0006525,0.878
398,GO:0006529,0.297
399,GO:0006532,0.486
400,GO:0006533,0.68
401,GO:0006535,0.36
402,GO:0006537,0.825
403,GO:0006539,0.152
404,GO:0006541,0.048
405,GO:0006542,0.233
406,GO:0006544,0.714
407,GO:0006545,0.736
408,GO:0006546,0.657
409,GO:0006548,0.82
410,GO:0006552,0.212
411,GO:0006555,0.257
412,GO:0006556,0.28
413,GO:0006557,0.51
414,GO:0006559,0.557
415,GO:0006560,0.909
416,GO:0006561,0.849
417,GO:0006562,0.803
418,GO:0006563,0.109
419,GO:0006564,0.293
420,GO:0006565,0.272
421,GO:0006567,0.326
422,GO:0006569,0.001
423,GO:0006570,0.331
425,GO:0006572,1.0
427,GO:0006574,0.525
428,GO:0006581,0.646
429,GO:0006585,1.0
430,GO:0006589,0.137
431,GO:0006595,0.024
432,GO:0006596,0.107
433,GO:0006597,0.513
434,GO:0006605,0.381
435,GO:0006606,0.134
436,GO:0006607,0.725
437,GO:0006610,0.857
438,GO:0006611,0.202
439,GO:0006612,0.403
440,GO:0006614,0.156
441,GO:0006616,0.345
442,GO:0006617,0.751
443,GO:0006620,0.807
444,GO:0006621,0.37
445,GO:0006623,0.496
446,GO:0006624,0.776
447,GO:0006625,0.392
448,GO:0006626,0.67
449,GO:0006627,0.496
450,GO:0006629,1.0
451,GO:0006631,1.0
452,GO:0006633,1.0
453,GO:0006635,0.287
454,GO:0006636,0.111
455,GO:0006637,1.0
456,GO:0006641,0.01
457,GO:0006643,0.063
458,GO:0006644,1.0
459,GO:0006646,0.042
460,GO:0006654,0.315
461,GO:0006656,0.551
462,GO:0006657,0.147
463,GO:0006659,0.51
464,GO:0006661,0.55
465,GO:0006662,0.34
466,GO:0006664,0.669
467,GO:0006665,0.512
468,GO:0006672,0.888
469,GO:0006679,0.545
470,GO:0006680,0.287
472,GO:0006685,0.635
473,GO:0006686,0.719
474,GO:0006689,0.967
475,GO:0006694,0.219
476,GO:0006695,0.166
477,GO:0006729,0.647
478,GO:0006730,0.127
479,GO:0006734,0.4
480,GO:0006739,0.438
481,GO:0006741,0.499
482,GO:0006742,0.021
483,GO:0006744,0.611
484,GO:0006747,0.895
485,GO:0006749,1.0
486,GO:0006750,0.75
487,GO:0006751,0.192
488,GO:0006753,1.0
489,GO:0006754,0.417
490,GO:0006769,0.029
491,GO:0006772,0.946
492,GO:0006777,0.675
493,GO:0006783,0.576
494,GO:0006784,0.622
495,GO:0006790,0.297
496,GO:0006796,0.676
497,GO:0006801,0.013
498,GO:0006805,1.0
499,GO:0006807,0.23
500,GO:0006811,1.0
501,GO:0006812,1.0
502,GO:0006813,1.0
503,GO:0006814,1.0
504,GO:0006816,0.468
505,GO:0006817,0.297
506,GO:0006820,0.389
507,GO:0006821,1.0
508,GO:0006825,0.152
509,GO:0006826,0.497
510,GO:0006828,1.0
511,GO:0006829,0.249
512,GO:0006833,0.454
513,GO:0006836,1.0
514,GO:0006837,0.023
516,GO:0006843,0.156
517,GO:0006844,0.191
518,GO:0006850,0.718
519,GO:0006851,0.825
520,GO:0006857,0.262
521,GO:0006865,0.05
522,GO:0006869,0.195
523,GO:0006874,0.467
524,GO:0006878,0.58
525,GO:0006879,0.516
526,GO:0006880,0.632
527,GO:0006882,0.338
528,GO:0006883,0.304
529,GO:0006884,0.2
530,GO:0006885,0.274
531,GO:0006886,1.0
532,GO:0006887,0.214
533,GO:0006888,1.0
534,GO:0006890,0.389
535,GO:0006891,0.288
537,GO:0006893,0.038
538,GO:0006895,0.68
539,GO:0006896,0.34
540,GO:0006897,1.0
541,GO:0006898,0.037
542,GO:0006904,0.172
543,GO:0006906,0.523
544,GO:0006907,0.411
545,GO:0006909,0.147
546,GO:0006911,0.329
547,GO:0006913,0.292
548,GO:0006914,1.0
549,GO:0006915,0.074
550,GO:0006919,0.037
551,GO:0006935,1.0
552,GO:0006936,0.438
553,GO:0006937,1.0
554,GO:0006952,0.18
555,GO:0006955,0.844
556,GO:0006970,0.603
557,GO:0006972,1.0
558,GO:0006974,0.183
559,GO:0006979,1.0
560,GO:0006986,0.526
561,GO:0006995,0.229
562,GO:0006997,0.616
563,GO:0006998,0.293
564,GO:0006999,0.21
565,GO:0007004,0.66
566,GO:0007005,0.383
567,GO:0007007,0.27
568,GO:0007009,0.842
569,GO:0007010,0.191
570,GO:0007015,0.406
571,GO:0007016,0.839
572,GO:0007017,1.0
573,GO:0007018,1.0
574,GO:0007019,0.91
575,GO:0007020,0.123
576,GO:0007021,0.051
577,GO:0007023,0.033
578,GO:0007026,0.239
579,GO:0007029,0.429
580,GO:0007030,1.0
581,GO:0007031,0.229
582,GO:0007032,0.72
583,GO:0007033,0.628
584,GO:0007034,0.413
585,GO:0007035,0.515
586,GO:0007040,0.471
587,GO:0007041,0.599
588,GO:0007042,0.154
589,GO:0007049,0.161
590,GO:0007050,0.401
591,GO:0007051,0.828
592,GO:0007052,0.01
593,GO:0007059,0.543
594,GO:0007062,0.288
595,GO:0007064,0.119
596,GO:0007076,0.174
597,GO:0007079,0.054
598,GO:0007080,0.068
599,GO:0007084,0.416
600,GO:0007088,0.667
601,GO:0007091,0.85
602,GO:0007093,0.882
603,GO:0007094,1.0
604,GO:0007095,0.176
605,GO:0007096,0.463
606,GO:0007097,0.012
607,GO:0007098,0.803
608,GO:0007099,0.39
609,GO:0007100,0.379
610,GO:0007110,0.848
611,GO:0007111,0.35
612,GO:0007127,0.378
613,GO:0007129,0.679
614,GO:0007130,0.565
615,GO:0007131,0.42
616,GO:0007140,0.025
617,GO:0007154,0.308
618,GO:0007155,0.02
619,GO:0007156,0.165
620,GO:0007158,0.263
621,GO:0007160,0.576
622,GO:0007162,0.631
623,GO:0007163,1.0
624,GO:0007165,1.0
625,GO:0007166,0.354
626,GO:0007168,1.0
627,GO:0007169,1.0
628,GO:0007171,0.819
629,GO:0007172,0.344
630,GO:0007173,0.736
631,GO:0007175,0.534
632,GO:0007178,1.0
633,GO:0007179,1.0
634,GO:0007186,1.0
635,GO:0007187,0.052
636,GO:0007188,1.0
637,GO:0007189,0.023
638,GO:0007190,0.652
640,GO:0007196,0.361
642,GO:0007200,0.271
643,GO:0007205,1.0
644,GO:0007210,0.646
645,GO:0007211,0.2
646,GO:0007212,0.301
647,GO:0007213,0.75
648,GO:0007214,1.0
649,GO:0007216,0.229
650,GO:0007217,0.851
651,GO:0007218,1.0
652,GO:0007219,1.0
653,GO:0007220,1.0
654,GO:0007224,0.424
655,GO:0007229,0.776
656,GO:0007231,0.085
657,GO:0007249,0.38
658,GO:0007250,0.868
659,GO:0007254,0.754
660,GO:0007257,1.0
661,GO:0007258,0.708
662,GO:0007259,0.59
663,GO:0007264,1.0
664,GO:0007265,0.008
665,GO:0007266,0.233
666,GO:0007267,0.624
667,GO:0007268,1.0
668,GO:0007269,0.101
669,GO:0007271,0.6
670,GO:0007274,1.0
671,GO:0007275,1.0
672,GO:0007276,0.643
673,GO:0007281,1.0
674,GO:0007283,0.042
675,GO:0007286,0.458
676,GO:0007292,0.367
677,GO:0007338,1.0
678,GO:0007339,0.122
679,GO:0007346,0.198
680,GO:0007368,0.354
681,GO:0007369,0.688
682,GO:0007389,1.0
683,GO:0007399,1.0
684,GO:0007400,0.311
685,GO:0007409,1.0
686,GO:0007411,0.06
687,GO:0007413,0.345
688,GO:0007416,0.085
689,GO:0007417,1.0
690,GO:0007419,0.256
691,GO:0007423,0.83
692,GO:0007442,0.283
693,GO:0007492,0.117
695,GO:0007498,0.722
696,GO:0007500,0.254
697,GO:0007501,0.079
698,GO:0007506,0.469
699,GO:0007507,0.189
700,GO:0007517,0.745
701,GO:0007528,0.899
702,GO:0007529,0.296
703,GO:0007530,0.088
704,GO:0007548,1.0
705,GO:0007549,0.382
706,GO:0007567,0.035
708,GO:0007584,0.933
710,GO:0007606,1.0
711,GO:0007608,1.0
712,GO:0007610,1.0
713,GO:0007611,0.929
714,GO:0007614,0.037
715,GO:0007617,0.697
716,GO:0007618,0.252
717,GO:0007623,1.0
718,GO:0007626,0.364
719,GO:0007631,0.69
720,GO:0007635,1.0
721,GO:0007638,1.0
722,GO:0008033,0.134
723,GO:0008039,0.291
724,GO:0008045,0.287
725,GO:0008053,0.634
726,GO:0008063,0.874
727,GO:0008078,0.419
728,GO:0008088,0.781
729,GO:0008089,0.139
730,GO:0008090,0.396
731,GO:0008104,0.485
732,GO:0008150,0.345
733,GO:0008152,1.0
734,GO:0008154,0.71
735,GO:0008202,0.338
736,GO:0008203,0.018
737,GO:0008219,0.258
738,GO:0008272,1.0
739,GO:0008277,0.041
740,GO:0008284,1.0
741,GO:0008285,0.867
742,GO:0008286,0.77
743,GO:0008292,0.142
744,GO:0008295,0.096
745,GO:0008299,0.1
746,GO:0008306,0.661
747,GO:0008333,0.48
748,GO:0008340,1.0
749,GO:0008344,0.539
750,GO:0008355,1.0
751,GO:0008356,0.421
752,GO:0008360,0.254
753,GO:0008361,0.898
754,GO:0008380,0.088
755,GO:0008406,0.147
756,GO:0008535,0.014
757,GO:0008544,0.562
758,GO:0008582,0.572
759,GO:0008584,0.003
760,GO:0008585,0.02
761,GO:0008592,0.884
762,GO:0008593,0.049
763,GO:0008595,0.462
764,GO:0008608,0.37
765,GO:0008610,0.652
766,GO:0008611,0.876
767,GO:0008612,0.423
768,GO:0008615,0.216
769,GO:0008630,0.245
770,GO:0008635,0.032
771,GO:0008637,0.865
772,GO:0008643,1.0
773,GO:0008652,0.068
774,GO:0008654,0.382
775,GO:0009051,0.523
776,GO:0009052,0.232
777,GO:0009058,1.0
778,GO:0009060,0.243
779,GO:0009062,1.0
780,GO:0009069,0.369
781,GO:0009072,1.0
782,GO:0009081,0.075
783,GO:0009082,0.059
784,GO:0009083,0.856
785,GO:0009086,0.634
786,GO:0009098,0.068
787,GO:0009099,0.055
788,GO:0009100,0.671
789,GO:0009107,0.416
790,GO:0009113,0.527
791,GO:0009115,0.252
792,GO:0009116,0.066
793,GO:0009117,0.472
794,GO:0009132,0.616
795,GO:0009142,0.346
796,GO:0009143,0.563
797,GO:0009150,0.558
798,GO:0009156,0.2
799,GO:0009157,0.744
800,GO:0009165,0.352
801,GO:0009166,0.6
802,GO:0009168,0.258
803,GO:0009190,1.0
804,GO:0009204,0.525
805,GO:0009214,0.447
806,GO:0009220,0.123
807,GO:0009225,0.354
808,GO:0009226,0.931
809,GO:0009229,0.94
810,GO:0009231,0.183
811,GO:0009235,0.543
812,GO:0009236,0.235
813,GO:0009240,0.442
814,GO:0009247,0.611
815,GO:0009249,0.709
816,GO:0009253,0.591
817,GO:0009257,0.87
818,GO:0009258,0.171
819,GO:0009259,0.457
820,GO:0009263,0.165
821,GO:0009264,0.587
822,GO:0009267,0.761
823,GO:0009298,0.38
824,GO:0009306,0.38
825,GO:0009311,0.389
826,GO:0009312,0.529
827,GO:0009314,0.888
828,GO:0009395,0.495
829,GO:0009396,0.627
830,GO:0009398,0.176
832,GO:0009408,0.2
833,GO:0009409,1.0
835,GO:0009411,0.305
836,GO:0009435,0.169
837,GO:0009437,0.62
838,GO:0009438,0.036
840,GO:0009448,0.214
841,GO:0009450,0.23
842,GO:0009451,0.167
843,GO:0009452,0.652
846,GO:0009593,0.657
847,GO:0009611,0.423
848,GO:0009612,1.0
849,GO:0009620,0.646
850,GO:0009636,0.697
851,GO:0009653,1.0
852,GO:0009725,0.47
853,GO:0009755,0.286
854,GO:0009786,0.674
855,GO:0009791,0.07
856,GO:0009792,1.0
857,GO:0009794,0.244
858,GO:0009880,0.118
859,GO:0009886,0.855
860,GO:0009887,0.39
861,GO:0009888,1.0
863,GO:0009913,0.237
864,GO:0009948,0.173
865,GO:0009949,0.591
866,GO:0009952,1.0
867,GO:0009954,0.024
868,GO:0009957,1.0
869,GO:0009966,0.473
870,GO:0009967,0.756
871,GO:0009968,0.534
872,GO:0009972,0.586
874,GO:0010025,0.1
875,GO:0010032,0.424
876,GO:0010033,0.847
877,GO:0010035,0.583
878,GO:0010038,0.551
879,GO:0010042,0.067
880,GO:0010043,1.0
881,GO:0010070,0.409
882,GO:0010084,0.196
883,GO:0010085,0.615
884,GO:0010121,0.953
885,GO:0010133,0.897
886,GO:0010142,0.321
887,GO:0010165,0.761
888,GO:0010171,0.609
889,GO:0010172,1.0
890,GO:0010212,0.765
891,GO:0010225,0.263
892,GO:0010248,0.295
893,GO:0010259,0.526
894,GO:0010265,0.652
895,GO:0010273,0.886
896,GO:0010286,1.0
898,GO:0010389,0.743
899,GO:0010390,0.672
900,GO:0010446,1.0
901,GO:0010466,0.077
902,GO:0010468,1.0
903,GO:0010498,0.419
904,GO:0010499,0.37
905,GO:0010506,0.11
906,GO:0010507,0.481
907,GO:0010508,0.76
908,GO:0010564,0.178
909,GO:0010569,0.878
910,GO:0010587,0.809
911,GO:0010591,0.923
912,GO:0010606,0.869
913,GO:0010608,0.718
914,GO:0010628,1.0
915,GO:0010629,1.0
916,GO:0010631,0.957
917,GO:0010644,0.08
918,GO:0010696,0.416
919,GO:0010705,0.38
920,GO:0010737,0.233
921,GO:0010738,0.7
923,GO:0010756,0.798
924,GO:0010792,0.627
925,GO:0010793,0.751
926,GO:0010821,0.843
927,GO:0010824,0.882
928,GO:0010826,0.127
930,GO:0010862,0.183
931,GO:0010869,0.701
932,GO:0010877,0.801
933,GO:0010883,0.492
934,GO:0010884,1.0
935,GO:0010888,0.452
936,GO:0010918,1.0
937,GO:0010923,0.829
938,GO:0010939,0.835
939,GO:0010940,0.28
940,GO:0010950,0.292
941,GO:0010951,0.051
942,GO:0010952,0.524
943,GO:0010954,0.034
944,GO:0010965,0.923
945,GO:0010971,1.0
946,GO:0010973,0.471
947,GO:0010975,0.25
948,GO:0010992,0.069
949,GO:0010998,0.678
950,GO:0012501,0.08
952,GO:0014019,0.293
953,GO:0014055,0.266
954,GO:0014057,0.397
955,GO:0014059,0.273
956,GO:0014065,0.67
957,GO:0014068,0.502
959,GO:0015012,0.56
960,GO:0015014,0.232
961,GO:0015015,0.833
962,GO:0015031,0.014
963,GO:0015074,1.0
964,GO:0015671,1.0
965,GO:0015672,0.505
966,GO:0015689,0.548
967,GO:0015693,0.547
968,GO:0015695,0.807
969,GO:0015696,0.582
970,GO:0015698,0.67
971,GO:0015701,0.552
972,GO:0015709,0.332
973,GO:0015718,0.669
974,GO:0015729,0.355
975,GO:0015739,0.564
976,GO:0015742,0.353
977,GO:0015744,0.688
978,GO:0015746,0.397
979,GO:0015786,1.0
980,GO:0015787,0.253
981,GO:0015789,0.265
982,GO:0015790,0.406
983,GO:0015793,0.709
984,GO:0015798,0.117
985,GO:0015809,0.658
986,GO:0015810,0.276
987,GO:0015811,0.308
988,GO:0015812,0.357
989,GO:0015813,0.05
990,GO:0015819,0.883
991,GO:0015833,0.818
992,GO:0015842,0.049
993,GO:0015844,0.32
994,GO:0015866,0.121
995,GO:0015867,0.133
996,GO:0015870,0.496
997,GO:0015871,0.206
998,GO:0015872,0.031
999,GO:0015874,0.147
1000,GO:0015884,0.26
1001,GO:0015886,0.736
1002,GO:0015893,0.338
1003,GO:0015909,0.281
1004,GO:0015910,0.404
1005,GO:0015914,0.029
1006,GO:0015917,0.137
1007,GO:0015918,0.074
1008,GO:0015936,0.391
1009,GO:0015937,0.54
1011,GO:0015986,0.146
1012,GO:0015990,0.756
1013,GO:0015991,0.15
1014,GO:0016024,0.17
1017,GO:0016042,1.0
1018,GO:0016043,0.605
1019,GO:0016045,0.494
1020,GO:0016048,0.221
1021,GO:0016050,0.507
1022,GO:0016051,0.885
1023,GO:0016052,0.575
1024,GO:0016055,1.0
1025,GO:0016070,0.434
1026,GO:0016071,0.79
1027,GO:0016072,0.278
1028,GO:0016075,0.138
1029,GO:0016079,0.402
1030,GO:0016080,0.477
1032,GO:0016082,0.868
1033,GO:0016095,0.149
1034,GO:0016121,0.671
1036,GO:0016126,0.426
1037,GO:0016139,0.541
1038,GO:0016180,0.294
1039,GO:0016182,0.813
1040,GO:0016185,0.483
1042,GO:0016191,0.501
1043,GO:0016192,1.0
1044,GO:0016197,0.07
1045,GO:0016199,0.926
1046,GO:0016226,0.262
1047,GO:0016233,0.741
1048,GO:0016236,0.188
1049,GO:0016242,0.607
1050,GO:0016246,0.103
1051,GO:0016255,0.642
1052,GO:0016260,0.243
1053,GO:0016266,0.178
1054,GO:0016267,0.077
1055,GO:0016310,1.0
1056,GO:0016311,1.0
1057,GO:0016322,0.419
1058,GO:0016331,0.832
1059,GO:0016344,0.579
1060,GO:0016358,1.0
1061,GO:0016477,0.116
1062,GO:0016485,0.507
1063,GO:0016486,0.825
1064,GO:0016539,0.665
1065,GO:0016540,0.332
1066,GO:0016558,0.286
1067,GO:0016559,0.212
1068,GO:0016560,0.28
1069,GO:0016567,1.0
1070,GO:0016570,0.324
1071,GO:0016571,0.652
1072,GO:0016572,0.85
1073,GO:0016573,1.0
1074,GO:0016575,0.215
1075,GO:0016576,0.049
1076,GO:0016577,0.539
1077,GO:0016578,0.782
1078,GO:0016579,0.193
1079,GO:0016584,1.0
1080,GO:0016598,0.18
1081,GO:0016925,1.0
1082,GO:0016926,0.644
1083,GO:0016973,0.096
1084,GO:0016998,0.536
1085,GO:0017121,0.166
1086,GO:0017126,0.303
1087,GO:0017148,0.385
1088,GO:0017156,0.187
1089,GO:0017157,0.648
1090,GO:0017158,0.279
1091,GO:0017183,0.202
1092,GO:0017185,0.915
1093,GO:0017186,0.946
1094,GO:0017196,0.761
1097,GO:0018008,0.677
1102,GO:0018063,0.557
1103,GO:0018095,0.457
1104,GO:0018105,1.0
1105,GO:0018107,1.0
1106,GO:0018108,1.0
1107,GO:0018117,0.273
1108,GO:0018149,0.391
1109,GO:0018171,0.423
1110,GO:0018193,0.673
1111,GO:0018197,0.317
1112,GO:0018230,0.55
1113,GO:0018279,0.545
1115,GO:0018293,0.437
1117,GO:0018315,0.324
1118,GO:0018342,0.673
1119,GO:0018343,0.709
1120,GO:0018344,0.663
1121,GO:0018345,0.505
1122,GO:0018364,0.4
1123,GO:0018401,0.621
1124,GO:0018406,0.32
1125,GO:0018985,0.54
1126,GO:0018991,0.063
1127,GO:0018992,0.705
1128,GO:0018996,1.0
1129,GO:0019079,0.782
1130,GO:0019099,0.62
1131,GO:0019100,0.132
1132,GO:0019102,0.333
1133,GO:0019216,0.689
1134,GO:0019217,0.246
1135,GO:0019221,0.029
1137,GO:0019236,0.28
1138,GO:0019243,0.542
1140,GO:0019254,0.187
1141,GO:0019262,0.41
1142,GO:0019264,0.353
1143,GO:0019265,0.311
1144,GO:0019284,0.811
1145,GO:0019287,0.156
1146,GO:0019303,0.055
1147,GO:0019310,0.435
1149,GO:0019323,0.451
1150,GO:0019343,0.556
1151,GO:0019344,0.505
1152,GO:0019346,0.259
1153,GO:0019348,0.147
1154,GO:0019358,0.74
1155,GO:0019363,0.022
1156,GO:0019367,1.0
1157,GO:0019369,0.649
1158,GO:0019388,0.108
1159,GO:0019391,0.736
1160,GO:0019408,0.046
1161,GO:0019427,0.849
1162,GO:0019430,0.052
1163,GO:0019432,0.177
1164,GO:0019433,0.601
1165,GO:0019439,0.699
1166,GO:0019441,0.012
1167,GO:0019442,0.025
1168,GO:0019448,0.535
1169,GO:0019464,0.483
1170,GO:0019478,0.492
1171,GO:0019482,0.77
1172,GO:0019499,0.36
1173,GO:0019500,0.34
1174,GO:0019509,0.397
1175,GO:0019510,0.519
1176,GO:0019511,0.086
1177,GO:0019516,0.931
1178,GO:0019521,0.324
1179,GO:0019532,0.623
1180,GO:0019538,0.171
1181,GO:0019543,0.568
1182,GO:0019544,0.943
1183,GO:0019556,0.751
1184,GO:0019563,0.357
1185,GO:0019673,0.418
1186,GO:0019674,1.0
1187,GO:0019676,0.848
1189,GO:0019693,1.0
1190,GO:0019722,0.01
1191,GO:0019748,0.796
1192,GO:0019752,0.223
1193,GO:0019805,0.029
1194,GO:0019856,0.193
1195,GO:0019878,0.641
1196,GO:0019915,0.252
1197,GO:0019918,0.221
1198,GO:0019919,0.442
1199,GO:0019932,0.429
1200,GO:0019934,0.808
1201,GO:0019941,0.243
1202,GO:0019985,0.441
1203,GO:0022008,0.829
1204,GO:0022401,1.0
1205,GO:0022409,0.51
1206,GO:0022417,0.192
1208,GO:0022604,0.472
1209,GO:0022900,0.256
1210,GO:0022904,0.76
1211,GO:0023014,1.0
1212,GO:0023051,0.524
1213,GO:0023052,0.206
1214,GO:0030001,0.294
1215,GO:0030007,0.249
1216,GO:0030010,0.692
1217,GO:0030030,0.157
1218,GO:0030031,0.523
1219,GO:0030033,0.749
1220,GO:0030036,0.216
1221,GO:0030041,0.485
1222,GO:0030042,0.159
1223,GO:0030048,0.536
1225,GO:0030100,1.0
1226,GO:0030111,0.025
1227,GO:0030148,1.0
1228,GO:0030149,0.762
1229,GO:0030150,0.189
1230,GO:0030154,1.0
1231,GO:0030155,0.005
1232,GO:0030162,0.565
1233,GO:0030163,1.0
1234,GO:0030166,0.265
1235,GO:0030174,0.814
1236,GO:0030177,0.668
1237,GO:0030178,0.766
1238,GO:0030182,1.0
1239,GO:0030194,0.922
1240,GO:0030198,1.0
1241,GO:0030199,0.914
1242,GO:0030206,1.0
1243,GO:0030207,0.754
1244,GO:0030238,0.152
1245,GO:0030239,0.717
1246,GO:0030240,0.379
1247,GO:0030241,0.383
1248,GO:0030242,0.377
1249,GO:0030261,1.0
1250,GO:0030307,0.946
1251,GO:0030308,0.865
1252,GO:0030311,0.578
1253,GO:0030322,1.0
1254,GO:0030334,0.31
1255,GO:0030335,0.0
1256,GO:0030336,0.757
1257,GO:0030388,0.214
1258,GO:0030421,0.159
1259,GO:0030422,0.033
1260,GO:0030431,1.0
1261,GO:0030433,0.254
1262,GO:0030473,0.006
1263,GO:0030488,0.374
1264,GO:0030490,0.063
1265,GO:0030497,0.348
1266,GO:0030509,0.285
1267,GO:0030510,0.406
1268,GO:0030511,0.462
1269,GO:0030512,0.455
1270,GO:0030514,0.384
1271,GO:0030516,0.891
1272,GO:0030517,0.626
1273,GO:0030522,0.548
1274,GO:0030536,0.558
1275,GO:0030538,0.572
1276,GO:0030540,0.77
1277,GO:0030574,1.0
1278,GO:0030590,0.445
1279,GO:0030641,0.877
1280,GO:0030703,0.198
1281,GO:0030705,0.713
1282,GO:0030728,0.772
1283,GO:0030833,1.0
1284,GO:0030836,0.376
1285,GO:0030837,0.071
1286,GO:0030838,0.865
1287,GO:0030865,0.203
1288,GO:0030866,0.218
1289,GO:0030950,0.028
1290,GO:0030951,0.824
1291,GO:0030953,0.574
1292,GO:0030968,0.258
1293,GO:0030970,0.205
1294,GO:0030997,0.603
1295,GO:0031032,0.634
1296,GO:0031047,0.273
1297,GO:0031048,0.259
1298,GO:0031053,0.09
1299,GO:0031054,0.108
1300,GO:0031063,0.198
1301,GO:0031064,0.118
1302,GO:0031081,0.173
1303,GO:0031087,0.863
1304,GO:0031098,1.0
1305,GO:0031103,0.529
1306,GO:0031106,0.187
1307,GO:0031110,0.401
1308,GO:0031113,0.172
1310,GO:0031117,0.816
1311,GO:0031118,0.568
1312,GO:0031119,0.384
1313,GO:0031120,0.584
1314,GO:0031122,0.48
1315,GO:0031123,0.809
1316,GO:0031124,0.687
1317,GO:0031145,0.226
1318,GO:0031146,0.504
1319,GO:0031167,0.432
1320,GO:0031175,0.648
1321,GO:0031204,0.362
1322,GO:0031293,0.592
1323,GO:0031297,0.732
1324,GO:0031344,0.049
1325,GO:0031398,0.697
1326,GO:0031468,0.892
1327,GO:0031532,0.188
1328,GO:0031536,0.351
1329,GO:0031573,0.183
1330,GO:0031581,0.291
1331,GO:0031629,0.651
1332,GO:0031647,0.013
1333,GO:0031848,0.079
1334,GO:0031929,0.793
1335,GO:0031936,1.0
1336,GO:0031952,0.731
1337,GO:0031954,0.65
1338,GO:0031987,0.407
1339,GO:0031990,0.273
1340,GO:0031991,0.048
1341,GO:0032006,0.422
1342,GO:0032007,1.0
1343,GO:0032008,0.449
1344,GO:0032012,0.548
1345,GO:0032024,0.528
1346,GO:0032042,0.185
1347,GO:0032049,0.767
1348,GO:0032077,0.391
1349,GO:0032091,0.45
1350,GO:0032094,1.0
1351,GO:0032147,1.0
1352,GO:0032212,0.188
1353,GO:0032218,0.777
1354,GO:0032222,1.0
1355,GO:0032224,0.65
1356,GO:0032228,0.774
1357,GO:0032230,0.486
1358,GO:0032237,0.51
1359,GO:0032258,0.427
1360,GO:0032259,0.068
1361,GO:0032263,0.725
1362,GO:0032264,0.473
1363,GO:0032273,0.556
1364,GO:0032324,0.858
1365,GO:0032350,0.753
1367,GO:0032402,0.404
1368,GO:0032418,0.721
1369,GO:0032435,0.622
1370,GO:0032436,1.0
1371,GO:0032446,0.268
1372,GO:0032447,0.491
1373,GO:0032456,0.221
1374,GO:0032464,0.111
1375,GO:0032465,0.114
1376,GO:0032467,0.558
1377,GO:0032469,0.442
1378,GO:0032480,0.123
1379,GO:0032482,0.047
1380,GO:0032486,0.609
1381,GO:0032488,0.489
1382,GO:0032496,0.945
1383,GO:0032501,0.102
1384,GO:0032502,0.274
1385,GO:0032504,0.228
1386,GO:0032508,0.29
1387,GO:0032509,0.636
1388,GO:0032510,0.097
1389,GO:0032511,0.641
1390,GO:0032515,0.573
1391,GO:0032516,0.652
1392,GO:0032526,0.704
1393,GO:0032534,0.223
1394,GO:0032543,0.405
1396,GO:0032775,0.928
1397,GO:0032780,0.783
1398,GO:0032781,0.202
1399,GO:0032784,0.93
1400,GO:0032786,0.722
1401,GO:0032790,0.39
1402,GO:0032793,0.642
1403,GO:0032801,0.427
1404,GO:0032869,0.696
1405,GO:0032870,0.829
1406,GO:0032873,0.296
1407,GO:0032874,0.069
1408,GO:0032875,0.108
1409,GO:0032876,0.479
1410,GO:0032877,0.254
1411,GO:0032880,0.323
1412,GO:0032924,1.0
1413,GO:0032933,0.37
1414,GO:0032956,0.459
1415,GO:0032958,0.066
1416,GO:0032959,0.025
1417,GO:0032963,0.847
1418,GO:0032964,0.901
1419,GO:0032968,0.526
1420,GO:0032970,0.511
1421,GO:0032979,0.345
1422,GO:0032981,0.489
1423,GO:0033108,0.396
1424,GO:0033120,0.919
1425,GO:0033138,0.416
1426,GO:0033169,0.537
1427,GO:0033211,0.369
1428,GO:0033227,0.286
1429,GO:0033260,0.745
1430,GO:0033314,0.599
1431,GO:0033353,0.488
1432,GO:0033365,0.136
1433,GO:0033384,0.169
1434,GO:0033387,0.328
1435,GO:0033396,0.761
1436,GO:0033499,0.624
1437,GO:0033514,0.814
1438,GO:0033528,0.607
1439,GO:0033539,0.478
1440,GO:0033540,0.078
1441,GO:0033555,0.306
1442,GO:0033563,0.705
1443,GO:0033564,0.816
1445,GO:0033577,0.211
1446,GO:0033578,0.769
1447,GO:0033617,0.099
1448,GO:0033619,0.857
1449,GO:0033627,0.451
1450,GO:0033631,0.338
1451,GO:0033674,0.716
1452,GO:0033683,0.789
1453,GO:0033962,0.901
1454,GO:0033993,0.419
1455,GO:0034059,0.874
1456,GO:0034063,0.537
1457,GO:0034067,0.769
1458,GO:0034080,0.856
1459,GO:0034085,0.926
1460,GO:0034087,0.166
1461,GO:0034088,0.151
1464,GO:0034097,0.941
1465,GO:0034128,0.823
1466,GO:0034198,0.139
1467,GO:0034199,0.712
1468,GO:0034203,0.8
1469,GO:0034219,1.0
1470,GO:0034220,1.0
1471,GO:0034227,0.549
1473,GO:0034314,1.0
1475,GO:0034354,0.135
1476,GO:0034355,0.755
1477,GO:0034389,0.368
1478,GO:0034394,0.709
1479,GO:0034402,0.095
1480,GO:0034427,0.269
1481,GO:0034446,0.397
1482,GO:0034453,0.784
1483,GO:0034462,0.04
1484,GO:0034470,0.295
1485,GO:0034472,0.584
1486,GO:0034473,0.327
1487,GO:0034474,0.682
1488,GO:0034475,0.242
1489,GO:0034476,0.324
1490,GO:0034477,0.945
1491,GO:0034497,0.584
1492,GO:0034498,0.562
1493,GO:0034501,0.425
1494,GO:0034504,0.736
1495,GO:0034514,0.703
1496,GO:0034551,0.179
1497,GO:0034553,0.52
1498,GO:0034587,0.541
1499,GO:0034599,0.7
1500,GO:0034605,0.444
1501,GO:0034606,0.183
1502,GO:0034607,0.167
1503,GO:0034608,0.197
1504,GO:0034609,0.394
1505,GO:0034613,0.69
1506,GO:0034620,0.516
1507,GO:0034622,0.71
1508,GO:0034625,1.0
1509,GO:0034626,1.0
1510,GO:0034629,0.036
1511,GO:0034633,0.563
1512,GO:0034644,0.59
1513,GO:0034660,0.313
1514,GO:0034720,0.785
1515,GO:0034721,0.948
1516,GO:0034724,0.723
1517,GO:0034727,0.328
1518,GO:0034729,0.461
1519,GO:0034755,0.643
1520,GO:0034765,0.242
1522,GO:0034968,0.381
1523,GO:0034969,0.151
1524,GO:0034975,0.648
1525,GO:0034976,0.348
1526,GO:0035017,0.34
1527,GO:0035021,0.491
1528,GO:0035023,0.279
1529,GO:0035025,0.506
1530,GO:0035046,0.046
1531,GO:0035047,0.114
1532,GO:0035066,0.42
1533,GO:0035067,0.121
1534,GO:0035095,0.305
1535,GO:0035148,0.794
1536,GO:0035150,0.838
1538,GO:0035188,0.58
1539,GO:0035194,0.156
1540,GO:0035195,0.682
1541,GO:0035196,0.803
1542,GO:0035229,0.619
1543,GO:0035235,1.0
1544,GO:0035246,0.155
1545,GO:0035249,0.407
1546,GO:0035262,0.164
1547,GO:0035264,0.367
1548,GO:0035269,0.653
1549,GO:0035307,0.376
1550,GO:0035308,0.722
1551,GO:0035317,0.335
1552,GO:0035329,0.587
1553,GO:0035335,1.0
1554,GO:0035336,0.088
1555,GO:0035350,0.257
1556,GO:0035372,0.402
1557,GO:0035404,0.049
1558,GO:0035418,0.52
1559,GO:0035434,0.402
1560,GO:0035435,0.166
1561,GO:0035442,0.301
1562,GO:0035461,1.0
1563,GO:0035493,0.492
1564,GO:0035494,0.728
1567,GO:0035542,0.796
1568,GO:0035545,0.844
1569,GO:0035556,1.0
1570,GO:0035567,0.58
1571,GO:0035600,0.544
1572,GO:0035621,0.36
1573,GO:0035627,0.687
1575,GO:0035672,0.265
1576,GO:0035694,1.0
1577,GO:0035695,1.0
1579,GO:0035721,1.0
1580,GO:0035725,1.0
1581,GO:0035735,1.0
1582,GO:0035871,0.826
1583,GO:0035882,0.091
1585,GO:0035965,0.283
1586,GO:0035966,0.57
1587,GO:0035973,0.783
1588,GO:0035999,0.415
1589,GO:0036003,0.166
1590,GO:0036065,0.444
1591,GO:0036066,0.442
1592,GO:0036071,0.762
1593,GO:0036085,0.493
1594,GO:0036092,0.735
1595,GO:0036093,0.766
1596,GO:0036149,0.235
1598,GO:0036228,0.46
1599,GO:0036261,0.648
1600,GO:0036265,0.867
1601,GO:0036292,0.758
1602,GO:0036297,0.037
1603,GO:0036369,0.39
1604,GO:0036376,0.317
1605,GO:0036444,0.916
1607,GO:0036529,0.392
1608,GO:0038007,0.368
1609,GO:0038063,0.52
1611,GO:0038083,0.46
1612,GO:0038202,0.399
1613,GO:0038203,0.079
1614,GO:0039536,0.114
1615,GO:0040001,0.486
1616,GO:0040002,0.27
1617,GO:0040009,0.308
1618,GO:0040010,0.074
1619,GO:0040011,1.0
1620,GO:0040012,0.232
1621,GO:0040013,0.756
1622,GO:0040014,0.412
1623,GO:0040015,0.518
1625,GO:0040017,1.0
1626,GO:0040018,0.283
1627,GO:0040019,0.109
1628,GO:0040021,0.599
1629,GO:0040022,0.49
1630,GO:0040024,0.441
1631,GO:0040025,1.0
1632,GO:0040026,0.47
1633,GO:0040027,0.041
1634,GO:0040028,1.0
1635,GO:0040029,0.929
1636,GO:0040031,0.719
1637,GO:0040032,0.498
1638,GO:0040034,0.137
1639,GO:0040035,0.591
1640,GO:0040036,0.352
1641,GO:0040038,0.028
1642,GO:0040039,0.326
1643,GO:0040040,0.008
1644,GO:0042001,0.512
1645,GO:0042004,0.62
1646,GO:0042006,0.126
1647,GO:0042023,0.705
1648,GO:0042026,1.0
1649,GO:0042048,1.0
1650,GO:0042059,0.738
1651,GO:0042073,0.483
1652,GO:0042074,0.145
1653,GO:0042078,0.653
1655,GO:0042127,1.0
1656,GO:0042128,0.198
1657,GO:0042135,0.67
1658,GO:0042136,1.0
1659,GO:0042138,0.163
1660,GO:0042147,0.136
1661,GO:0042148,0.347
1662,GO:0042149,1.0
1663,GO:0042157,0.271
1664,GO:0042176,0.555
1665,GO:0042178,0.254
1666,GO:0042254,0.062
1667,GO:0042255,0.272
1668,GO:0042256,0.699
1669,GO:0042262,0.466
1670,GO:0042264,0.694
1671,GO:0042273,0.151
1672,GO:0042274,0.175
1673,GO:0042276,0.782
1674,GO:0042303,0.77
1675,GO:0042307,0.276
1676,GO:0042308,1.0
1678,GO:0042326,0.408
1680,GO:0042338,1.0
1681,GO:0042350,0.937
1682,GO:0042352,0.786
1683,GO:0042391,1.0
1684,GO:0042395,1.0
1685,GO:0042407,0.953
1686,GO:0042412,0.536
1687,GO:0042416,1.0
1688,GO:0042417,0.025
1689,GO:0042420,0.362
1690,GO:0042421,0.351
1691,GO:0042423,1.0
1692,GO:0042427,1.0
1693,GO:0042438,0.445
1694,GO:0042464,0.652
1695,GO:0042493,0.674
1696,GO:0042542,0.167
1697,GO:0042554,0.212
1698,GO:0042558,0.771
1699,GO:0042574,0.68
1700,GO:0042592,0.238
1701,GO:0042593,0.329
1702,GO:0042594,0.622
1703,GO:0042595,0.708
1705,GO:0042659,0.49
1706,GO:0042661,0.35
1707,GO:0042692,0.731
1708,GO:0042694,0.166
1709,GO:0042732,0.699
1710,GO:0042738,1.0
1711,GO:0042742,0.763
1712,GO:0042744,0.05
1713,GO:0042759,0.367
1714,GO:0042761,1.0
1715,GO:0042770,0.747
1716,GO:0042771,0.762
1717,GO:0042773,0.171
1718,GO:0042776,0.236
1719,GO:0042779,0.624
1720,GO:0042791,0.508
1721,GO:0042795,0.897
1722,GO:0042796,0.881
1723,GO:0042811,0.024
1724,GO:0042866,0.124
1725,GO:0042908,0.229
1726,GO:0042938,0.742
1727,GO:0042953,0.608
1728,GO:0042981,0.014
1729,GO:0042989,0.416
1730,GO:0043001,0.439
1731,GO:0043004,0.764
1732,GO:0043039,0.346
1733,GO:0043044,0.227
1734,GO:0043048,0.166
1735,GO:0043050,1.0
1736,GO:0043051,0.301
1737,GO:0043052,0.826
1738,GO:0043053,0.009
1739,GO:0043054,0.362
1740,GO:0043055,0.408
1741,GO:0043057,0.577
1742,GO:0043058,0.235
1743,GO:0043059,0.486
1744,GO:0043065,0.028
1745,GO:0043066,1.0
1746,GO:0043068,0.043
1748,GO:0043085,0.756
1749,GO:0043086,0.522
1750,GO:0043087,1.0
1751,GO:0043103,0.214
1752,GO:0043111,0.665
1753,GO:0043113,0.215
1754,GO:0043134,0.79
1755,GO:0043137,0.486
1756,GO:0043154,0.803
1757,GO:0043161,0.095
1758,GO:0043162,0.295
1759,GO:0043171,1.0
1760,GO:0043248,0.114
1761,GO:0043252,0.516
1762,GO:0043277,0.29
1763,GO:0043280,0.737
1764,GO:0043281,0.037
1765,GO:0043282,0.048
1766,GO:0043327,0.64
1767,GO:0043328,0.278
1768,GO:0043401,1.0
1769,GO:0043406,0.412
1770,GO:0043407,0.6
1771,GO:0043408,0.125
1772,GO:0043409,0.024
1773,GO:0043410,0.549
1774,GO:0043412,0.617
1775,GO:0043413,1.0
1776,GO:0043414,0.38
1777,GO:0043420,0.019
1778,GO:0043433,0.103
1780,GO:0043484,0.475
1781,GO:0043486,0.072
1782,GO:0043488,0.664
1783,GO:0043490,0.291
1784,GO:0043504,0.592
1785,GO:0043518,0.628
1786,GO:0043525,0.241
1787,GO:0043547,1.0
1788,GO:0043551,0.906
1789,GO:0043552,0.194
1790,GO:0043570,0.432
1792,GO:0043631,0.89
1793,GO:0043652,0.229
1794,GO:0043653,0.065
1795,GO:0043654,0.017
1796,GO:0043666,0.501
1797,GO:0043687,0.08
1798,GO:0043928,0.257
1799,GO:0043951,0.619
1800,GO:0043966,0.627
1801,GO:0043967,0.278
1802,GO:0043968,0.283
1804,GO:0043972,0.247
1805,GO:0043981,0.085
1806,GO:0043982,0.084
1807,GO:0043983,0.234
1808,GO:0043984,0.584
1809,GO:0044154,0.252
1811,GO:0044206,0.362
1812,GO:0044208,0.448
1813,GO:0044209,0.142
1814,GO:0044210,0.454
1815,GO:0044211,0.376
1816,GO:0044237,0.203
1817,GO:0044248,0.728
1818,GO:0044249,0.596
1819,GO:0044255,0.135
1820,GO:0044262,0.706
1821,GO:0044272,0.148
1822,GO:0044332,0.108
1823,GO:0044341,0.621
1824,GO:0044458,0.617
1825,GO:0044571,0.384
1826,GO:0044648,0.024
1827,GO:0044770,0.642
1828,GO:0044772,0.244
1829,GO:0044773,0.261
1830,GO:0044778,0.359
1831,GO:0044782,0.049
1832,GO:0044785,0.832
1833,GO:0044805,0.475
1834,GO:0044843,0.077
1835,GO:0045004,0.24
1836,GO:0045008,0.94
1837,GO:0045022,0.514
1838,GO:0045026,0.271
1839,GO:0045033,0.043
1840,GO:0045039,0.629
1841,GO:0045041,0.782
1842,GO:0045046,0.107
1843,GO:0045047,1.0
1844,GO:0045048,0.449
1845,GO:0045053,0.806
1846,GO:0045070,0.298
1847,GO:0045087,1.0
1848,GO:0045088,0.091
1849,GO:0045089,0.077
1850,GO:0045116,0.275
1851,GO:0045132,0.172
1852,GO:0045138,1.0
1853,GO:0045144,0.653
1854,GO:0045165,1.0
1855,GO:0045167,0.631
1856,GO:0045176,0.136
1857,GO:0045184,0.063
1859,GO:0045187,1.0
1860,GO:0045197,0.161
1861,GO:0045214,0.513
1862,GO:0045216,1.0
1863,GO:0045292,0.123
1864,GO:0045321,0.1
1865,GO:0045324,0.622
1866,GO:0045329,0.647
1867,GO:0045332,0.388
1868,GO:0045333,0.208
1869,GO:0045337,0.211
1870,GO:0045454,1.0
1871,GO:0045471,0.707
1872,GO:0045494,0.214
1873,GO:0045595,0.051
1874,GO:0045596,1.0
1875,GO:0045597,0.939
1876,GO:0045605,0.427
1877,GO:0045664,0.923
1878,GO:0045721,0.238
1879,GO:0045727,0.733
1880,GO:0045732,0.692
1881,GO:0045736,0.53
1882,GO:0045737,0.748
1883,GO:0045739,0.056
1884,GO:0045742,0.067
1885,GO:0045743,0.061
1886,GO:0045746,0.183
1887,GO:0045747,0.542
1888,GO:0045793,0.742
1889,GO:0045806,0.861
1890,GO:0045842,0.151
1891,GO:0045859,0.699
1892,GO:0045860,0.045
1893,GO:0045887,0.661
1894,GO:0045892,1.0
1895,GO:0045893,0.044
1896,GO:0045898,0.537
1897,GO:0045899,0.322
1898,GO:0045900,0.462
1899,GO:0045901,0.869
1900,GO:0045903,0.692
1901,GO:0045905,0.835
1902,GO:0045910,1.0
1903,GO:0045921,0.414
1904,GO:0045927,0.717
1905,GO:0045931,1.0
1906,GO:0045933,0.406
1907,GO:0045943,0.852
1908,GO:0045944,1.0
1909,GO:0045947,0.133
1910,GO:0045948,0.356
1911,GO:0045951,0.125
1912,GO:0045987,0.912
1913,GO:0045988,0.715
1914,GO:0045989,0.751
1915,GO:0045995,0.44
1916,GO:0046015,0.848
1917,GO:0046032,0.126
1918,GO:0046033,0.168
1919,GO:0046034,0.575
1920,GO:0046036,0.896
1921,GO:0046039,0.876
1922,GO:0046040,0.68
1923,GO:0046048,0.876
1924,GO:0046080,0.534
1925,GO:0046081,0.537
1926,GO:0046100,0.727
1927,GO:0046103,0.189
1928,GO:0046104,0.754
1929,GO:0046109,0.596
1930,GO:0046166,0.668
1931,GO:0046167,0.006
1932,GO:0046168,0.732
1933,GO:0046177,0.334
1934,GO:0046208,0.34
1935,GO:0046294,0.275
1937,GO:0046321,0.779
1938,GO:0046327,0.603
1939,GO:0046330,0.848
1940,GO:0046339,0.813
1941,GO:0046340,0.651
1942,GO:0046355,0.361
1943,GO:0046416,0.517
1944,GO:0046452,0.73
1945,GO:0046470,0.261
1946,GO:0046474,0.857
1947,GO:0046475,0.568
1948,GO:0046477,0.775
1949,GO:0046486,0.796
1950,GO:0046488,0.385
1951,GO:0046491,0.834
1952,GO:0046496,0.802
1953,GO:0046513,0.431
1954,GO:0046579,0.248
1955,GO:0046580,0.232
1956,GO:0046620,0.134
1957,GO:0046622,0.738
1958,GO:0046627,0.909
1959,GO:0046653,0.439
1960,GO:0046654,0.613
1961,GO:0046655,0.564
1962,GO:0046662,1.0
1963,GO:0046677,0.209
1964,GO:0046685,0.537
1965,GO:0046688,0.777
1966,GO:0046710,0.868
1967,GO:0046712,0.149
1968,GO:0046716,0.712
1969,GO:0046777,0.001
1970,GO:0046785,0.75
1971,GO:0046825,0.65
1972,GO:0046833,0.595
1973,GO:0046834,0.8
1974,GO:0046835,0.331
1975,GO:0046839,1.0
1976,GO:0046854,0.533
1977,GO:0046855,0.308
1978,GO:0046856,0.605
1979,GO:0046874,0.153
1980,GO:0046903,0.932
1981,GO:0046907,0.122
1982,GO:0046928,0.13
1983,GO:0046938,0.893
1984,GO:0046939,0.69
1985,GO:0046940,0.113
1986,GO:0046947,0.907
1987,GO:0046951,0.241
1988,GO:0046952,0.145
1989,GO:0046963,0.889
1990,GO:0047496,0.294
1992,GO:0048013,0.522
1993,GO:0048015,0.438
1994,GO:0048016,0.265
1995,GO:0048017,0.344
1996,GO:0048024,0.223
1997,GO:0048026,0.554
1998,GO:0048034,0.693
1999,GO:0048096,0.031
2000,GO:0048149,0.197
2001,GO:0048193,0.638
2003,GO:0048205,0.458
2004,GO:0048208,0.302
2005,GO:0048209,0.59
2006,GO:0048210,0.784
2007,GO:0048211,0.704
2008,GO:0048212,0.513
2009,GO:0048213,0.444
2011,GO:0048254,0.075
2012,GO:0048259,0.357
2013,GO:0048268,0.529
2014,GO:0048278,0.087
2015,GO:0048280,0.677
2016,GO:0048284,0.483
2017,GO:0048311,0.457
2018,GO:0048312,0.889
2019,GO:0048337,0.279
2020,GO:0048382,0.074
2021,GO:0048468,0.084
2022,GO:0048477,0.121
2023,GO:0048478,0.452
2024,GO:0048488,0.125
2025,GO:0048489,0.54
2026,GO:0048490,0.784
2027,GO:0048499,0.811
2028,GO:0048511,1.0
2030,GO:0048513,1.0
2031,GO:0048515,0.604
2032,GO:0048546,0.733
2033,GO:0048557,0.265
2034,GO:0048560,0.927
2035,GO:0048566,0.021
2036,GO:0048568,0.204
2037,GO:0048582,0.302
2038,GO:0048589,0.434
2039,GO:0048598,1.0
2040,GO:0048599,0.353
2041,GO:0048609,1.0
2042,GO:0048613,0.802
2043,GO:0048626,0.306
2044,GO:0048639,0.918
2045,GO:0048644,0.164
2046,GO:0048664,0.784
2047,GO:0048665,1.0
2048,GO:0048666,1.0
2049,GO:0048668,0.789
2050,GO:0048678,0.837
2052,GO:0048680,0.225
2053,GO:0048681,0.824
2055,GO:0048730,1.0
2056,GO:0048738,0.054
2057,GO:0048747,0.888
2058,GO:0048791,0.263
2059,GO:0048812,0.766
2060,GO:0048814,0.783
2061,GO:0048815,0.811
2062,GO:0048841,0.492
2063,GO:0048843,0.018
2064,GO:0048846,0.741
2065,GO:0048856,0.073
2066,GO:0048870,0.608
2067,GO:0050428,0.567
2068,GO:0050435,0.855
2069,GO:0050482,1.0
2070,GO:0050650,0.674
2071,GO:0050658,0.104
2072,GO:0050665,0.222
2073,GO:0050667,0.877
2074,GO:0050684,0.617
2075,GO:0050685,0.931
2076,GO:0050708,0.834
2077,GO:0050764,0.55
2078,GO:0050767,1.0
2079,GO:0050769,0.389
2080,GO:0050770,0.214
2081,GO:0050772,0.621
2082,GO:0050790,0.079
2083,GO:0050795,0.418
2084,GO:0050803,0.117
2085,GO:0050804,0.251
2086,GO:0050806,0.891
2087,GO:0050807,0.102
2088,GO:0050808,0.29
2089,GO:0050821,0.386
2090,GO:0050829,1.0
2091,GO:0050830,1.0
2092,GO:0050832,0.189
2093,GO:0050877,1.0
2094,GO:0050879,0.167
2095,GO:0050892,0.701
2096,GO:0050893,0.705
2097,GO:0050896,0.032
2098,GO:0050906,0.441
2099,GO:0050907,1.0
2100,GO:0050909,0.532
2101,GO:0050911,1.0
2102,GO:0050913,0.526
2103,GO:0050919,0.013
2104,GO:0050920,0.661
2105,GO:0050921,0.377
2106,GO:0050953,0.3
2107,GO:0050954,0.289
2108,GO:0050974,0.241
2109,GO:0050976,1.0
2111,GO:0051013,0.781
2112,GO:0051014,0.542
2113,GO:0051016,0.77
2114,GO:0051017,0.635
2115,GO:0051026,0.537
2116,GO:0051028,0.131
2117,GO:0051036,0.571
2118,GO:0051045,0.555
2119,GO:0051049,0.339
2120,GO:0051056,0.432
2121,GO:0051085,0.396
2122,GO:0051090,0.045
2123,GO:0051091,0.281
2124,GO:0051092,0.176
2125,GO:0051096,0.534
2126,GO:0051103,0.614
2127,GO:0051123,1.0
2128,GO:0051131,0.487
2129,GO:0051153,0.591
2130,GO:0051156,0.231
2131,GO:0051170,0.244
2132,GO:0051177,0.347
2134,GO:0051180,1.0
2135,GO:0051205,0.322
2136,GO:0051209,0.568
2137,GO:0051220,0.771
2138,GO:0051225,0.291
2139,GO:0051228,0.713
2140,GO:0051229,0.554
2141,GO:0051231,0.778
2142,GO:0051256,0.174
2143,GO:0051257,0.048
2144,GO:0051259,0.357
2145,GO:0051260,1.0
2146,GO:0051276,0.26
2147,GO:0051289,0.403
2148,GO:0051292,0.95
2149,GO:0051293,0.413
2150,GO:0051295,0.832
2151,GO:0051296,0.403
2152,GO:0051298,0.86
2153,GO:0051299,0.565
2154,GO:0051301,0.278
2155,GO:0051302,0.131
2156,GO:0051303,0.298
2157,GO:0051304,0.676
2159,GO:0051307,0.2
2160,GO:0051315,0.923
2161,GO:0051321,0.038
2162,GO:0051345,0.335
2163,GO:0051382,0.162
2165,GO:0051390,0.942
2166,GO:0051391,0.327
2167,GO:0051402,0.941
2168,GO:0051415,0.051
2169,GO:0051443,0.542
2170,GO:0051445,0.689
2171,GO:0051447,0.406
2172,GO:0051452,0.659
2173,GO:0051453,0.204
2174,GO:0051457,0.26
2175,GO:0051480,1.0
2176,GO:0051490,0.925
2177,GO:0051493,0.391
2178,GO:0051560,0.797
2179,GO:0051568,0.239
2180,GO:0051583,0.126
2181,GO:0051591,0.939
2182,GO:0051598,0.781
2183,GO:0051601,0.167
2184,GO:0051603,1.0
2185,GO:0051604,0.588
2186,GO:0051610,0.01
2187,GO:0051639,0.504
2188,GO:0051640,0.63
2189,GO:0051642,0.721
2191,GO:0051646,0.871
2192,GO:0051661,0.41
2193,GO:0051666,0.549
2194,GO:0051693,0.72
2195,GO:0051694,0.329
2196,GO:0051697,0.775
2197,GO:0051726,0.245
2198,GO:0051729,0.608
2199,GO:0051754,0.886
2200,GO:0051759,0.391
2201,GO:0051781,0.017
2202,GO:0051782,0.069
2203,GO:0051788,0.876
2205,GO:0051793,0.423
2206,GO:0051865,0.677
2207,GO:0051881,0.921
2208,GO:0051897,0.333
2210,GO:0051932,0.622
2211,GO:0051964,0.08
2212,GO:0051965,0.764
2213,GO:0051966,0.125
2215,GO:0051973,0.524
2216,GO:0051983,0.133
2217,GO:0051984,0.724
2218,GO:0052746,0.113
2219,GO:0055002,0.611
2220,GO:0055057,0.18
2221,GO:0055059,0.292
2222,GO:0055064,0.256
2223,GO:0055070,0.815
2224,GO:0055071,0.067
2225,GO:0055072,0.076
2226,GO:0055074,0.471
2227,GO:0055075,0.268
2228,GO:0055085,1.0
2229,GO:0055088,0.006
2230,GO:0055091,0.919
2232,GO:0055114,1.0
2233,GO:0055129,0.856
2234,GO:0060047,0.051
2235,GO:0060048,0.72
2236,GO:0060050,0.122
2237,GO:0060069,0.62
2238,GO:0060070,0.274
2239,GO:0060071,0.75
2240,GO:0060078,1.0
2241,GO:0060079,1.0
2242,GO:0060097,0.321
2243,GO:0060101,0.817
2244,GO:0060142,0.041
2246,GO:0060259,0.484
2247,GO:0060261,0.499
2248,GO:0060271,1.0
2249,GO:0060279,0.861
2250,GO:0060281,0.641
2251,GO:0060282,0.841
2252,GO:0060285,0.018
2253,GO:0060290,0.699
2254,GO:0060291,0.165
2255,GO:0060296,0.903
2256,GO:0060298,0.805
2257,GO:0060341,0.829
2258,GO:0060378,0.407
2259,GO:0060386,0.806
2260,GO:0060395,0.198
2261,GO:0060429,0.712
2262,GO:0060456,0.632
2263,GO:0060465,1.0
2264,GO:0060471,0.237
2265,GO:0060537,0.73
2266,GO:0060548,0.596
2267,GO:0060562,0.525
2268,GO:0060573,1.0
2269,GO:0060581,0.629
2270,GO:0060623,0.296
2271,GO:0060631,0.765
2272,GO:0060756,0.029
2273,GO:0060828,0.717
2274,GO:0060964,0.594
2275,GO:0060965,0.808
2276,GO:0061015,0.429
2278,GO:0061025,0.645
2279,GO:0061031,0.111
2280,GO:0061041,0.903
2281,GO:0061061,0.864
2282,GO:0061062,0.337
2283,GO:0061063,0.62
2284,GO:0061065,0.275
2285,GO:0061066,0.766
2286,GO:0061067,0.465
2287,GO:0061077,0.204
2288,GO:0061088,1.0
2289,GO:0061096,0.4
2290,GO:0061098,0.083
2291,GO:0061099,0.769
2292,GO:0061136,0.262
2293,GO:0061158,0.258
2296,GO:0061355,0.759
2297,GO:0061357,0.779
2298,GO:0061365,0.821
2299,GO:0061512,0.564
2300,GO:0061564,0.51
2301,GO:0061621,0.437
2302,GO:0061640,0.082
2304,GO:0061668,0.908
2305,GO:0061709,0.134
2306,GO:0061723,0.148
2307,GO:0061771,1.0
2309,GO:0061817,0.148
2310,GO:0061837,0.617
2311,GO:0061853,0.227
2312,GO:0065002,0.935
2313,GO:0070072,0.207
2314,GO:0070084,0.801
2316,GO:0070124,0.245
2317,GO:0070125,0.188
2318,GO:0070126,0.286
2319,GO:0070131,0.035
2320,GO:0070179,0.121
2321,GO:0070189,1.0
2322,GO:0070192,0.521
2323,GO:0070194,0.069
2324,GO:0070212,0.804
2325,GO:0070221,0.65
2326,GO:0070262,0.334
2327,GO:0070265,0.48
2328,GO:0070301,0.92
2329,GO:0070328,0.281
2330,GO:0070329,0.24
2331,GO:0070370,0.327
2332,GO:0070374,0.339
2333,GO:0070413,0.538
2334,GO:0070475,0.936
2335,GO:0070476,0.746
2336,GO:0070478,0.868
2337,GO:0070481,0.414
2338,GO:0070482,0.915
2339,GO:0070507,0.403
2340,GO:0070509,0.327
2341,GO:0070534,0.613
2342,GO:0070536,0.799
2343,GO:0070544,0.414
2344,GO:0070550,0.146
2345,GO:0070574,0.06
2346,GO:0070584,0.208
2347,GO:0070587,0.471
2348,GO:0070588,1.0
2349,GO:0070593,0.342
2350,GO:0070613,0.66
2351,GO:0070651,0.413
2352,GO:0070681,0.709
2353,GO:0070682,0.861
2354,GO:0070734,0.784
2355,GO:0070778,0.266
2356,GO:0070781,0.619
2357,GO:0070782,0.616
2358,GO:0070813,0.358
2359,GO:0070814,0.149
2360,GO:0070816,0.6
2361,GO:0070830,0.876
2362,GO:0070832,0.263
2363,GO:0070836,0.708
2364,GO:0070863,0.545
2365,GO:0070884,0.053
2366,GO:0070897,0.791
2367,GO:0070898,0.255
2368,GO:0070899,0.54
2369,GO:0070914,0.607
2370,GO:0070918,0.155
2371,GO:0070919,0.226
2372,GO:0070932,0.298
2373,GO:0070933,0.294
2374,GO:0070935,0.592
2375,GO:0070936,0.145
2376,GO:0070940,0.792
2377,GO:0070966,0.39
2378,GO:0070972,0.325
2379,GO:0070973,0.508
2380,GO:0070979,0.327
2381,GO:0070986,0.162
2382,GO:0070988,0.21
2384,GO:0071025,0.409
2385,GO:0071028,0.216
2386,GO:0071033,0.066
2387,GO:0071034,0.569
2388,GO:0071035,0.317
2389,GO:0071036,0.608
2390,GO:0071037,0.606
2391,GO:0071038,0.316
2392,GO:0071039,0.617
2393,GO:0071040,0.596
2394,GO:0071042,0.356
2395,GO:0071044,0.49
2396,GO:0071048,0.515
2397,GO:0071049,0.579
2398,GO:0071050,0.628
2399,GO:0071051,0.328
2400,GO:0071108,0.584
2401,GO:0071168,0.402
2402,GO:0071169,0.152
2403,GO:0071171,0.636
2404,GO:0071218,0.2
2406,GO:0071230,0.763
2407,GO:0071244,0.371
2408,GO:0071277,0.169
2409,GO:0071294,1.0
2410,GO:0071310,0.003
2411,GO:0071320,0.428
2412,GO:0071333,0.391
2413,GO:0071421,0.095
2414,GO:0071422,0.312
2415,GO:0071423,0.27
2417,GO:0071456,0.096
2418,GO:0071470,0.691
2419,GO:0071477,0.328
2420,GO:0071479,0.255
2421,GO:0071480,0.141
2422,GO:0071481,0.083
2424,GO:0071526,0.343
2425,GO:0071528,0.855
2427,GO:0071542,0.086
2428,GO:0071543,0.886
2429,GO:0071557,0.097
2430,GO:0071569,0.257
2431,GO:0071577,1.0
2432,GO:0071578,0.509
2433,GO:0071586,0.751
2434,GO:0071596,0.753
2435,GO:0071689,0.339
2436,GO:0071702,0.255
2437,GO:0071704,0.137
2438,GO:0071709,0.907
2439,GO:0071712,0.683
2440,GO:0071722,0.565
2441,GO:0071733,0.169
2442,GO:0071786,0.171
2443,GO:0071805,1.0
2445,GO:0071816,0.516
2447,GO:0071850,0.516
2448,GO:0071880,1.0
2449,GO:0071897,0.287
2450,GO:0071900,0.276
2451,GO:0071902,0.903
2452,GO:0071918,0.514
2453,GO:0071922,0.307
2454,GO:0071926,0.666
2455,GO:0071927,0.185
2456,GO:0071929,0.093
2458,GO:0071947,0.781
2459,GO:0071985,0.428
2460,GO:0072321,0.551
2461,GO:0072327,0.309
2462,GO:0072334,0.483
2463,GO:0072344,0.015
2464,GO:0072355,0.299
2465,GO:0072382,0.384
2466,GO:0072383,0.857
2467,GO:0072384,0.307
2468,GO:0072488,0.556
2469,GO:0072579,0.261
2470,GO:0072583,0.291
2471,GO:0072594,1.0
2472,GO:0072657,0.208
2473,GO:0072659,0.477
2474,GO:0072684,0.594
2475,GO:0072689,0.493
2476,GO:0072697,0.493
2477,GO:0072711,0.273
2478,GO:0080009,0.277
2479,GO:0080058,0.491
2480,GO:0080144,0.897
2481,GO:0080182,0.001
2482,GO:0086036,0.348
2483,GO:0090038,0.508
2484,GO:0090071,0.426
2485,GO:0090087,0.557
2486,GO:0090090,0.368
2487,GO:0090110,0.792
2488,GO:0090114,0.696
2489,GO:0090136,0.214
2490,GO:0090149,0.42
2491,GO:0090162,0.687
2492,GO:0090200,0.747
2494,GO:0090263,1.0
2495,GO:0090305,0.098
2496,GO:0090307,0.717
2497,GO:0090325,0.091
2498,GO:0090326,0.41
2499,GO:0090328,0.646
2500,GO:0090382,0.861
2501,GO:0090385,0.436
2502,GO:0090386,0.238
2503,GO:0090387,0.377
2504,GO:0090389,0.382
2505,GO:0090390,0.725
2506,GO:0090399,0.849
2507,GO:0090435,0.211
2508,GO:0090494,0.029
2509,GO:0090501,0.331
2510,GO:0090502,0.199
2511,GO:0090503,1.0
2512,GO:0090522,0.166
2513,GO:0090597,0.106
2514,GO:0090625,0.741
2515,GO:0090630,1.0
2516,GO:0090646,0.633
2517,GO:0090657,0.639
2518,GO:0090727,0.163
2520,GO:0097010,0.571
2521,GO:0097035,0.924
2523,GO:0097037,0.255
2524,GO:0097039,0.363
2525,GO:0097052,0.557
2526,GO:0097053,0.038
2527,GO:0097056,0.91
2528,GO:0097061,0.763
2529,GO:0097062,0.759
2530,GO:0097104,0.27
2531,GO:0097105,0.269
2532,GO:0097112,0.286
2533,GO:0097120,1.0
2534,GO:0097151,0.498
2535,GO:0097154,0.83
2536,GO:0097190,0.472
2537,GO:0097192,0.565
2538,GO:0097193,0.59
2539,GO:0097194,0.261
2540,GO:0097202,0.033
2541,GO:0097235,0.361
2543,GO:0097240,0.401
2544,GO:0097264,0.094
2545,GO:0097320,0.427
2546,GO:0097352,0.476
2547,GO:0097359,0.855
2548,GO:0097374,0.644
2549,GO:0097376,0.913
2550,GO:0097401,0.73
2551,GO:0097402,1.0
2552,GO:0097428,0.699
2553,GO:0097475,1.0
2554,GO:0097484,0.299
2555,GO:0097499,0.27
2556,GO:0097500,0.255
2557,GO:0097501,0.288
2558,GO:0097502,0.4
2560,GO:0097552,0.043
2561,GO:0097628,0.537
2562,GO:0097720,0.455
2563,GO:0098504,0.693
2564,GO:0098506,0.685
2565,GO:0098507,0.619
2566,GO:0098542,1.0
2567,GO:0098609,1.0
2568,GO:0098655,1.0
2569,GO:0098656,0.259
2570,GO:0098662,0.043
2571,GO:0098664,0.1
2572,GO:0098700,0.177
2573,GO:0098703,0.067
2574,GO:0098711,0.642
2575,GO:0098719,0.284
2576,GO:0098773,0.744
2577,GO:0098789,0.248
2578,GO:0098849,0.889
2579,GO:0098869,1.0
2580,GO:0098887,0.23
2581,GO:0098921,0.644
2582,GO:0098943,0.799
2583,GO:0098968,0.568
2584,GO:0098970,0.285
2585,GO:0098971,0.079
2586,GO:0099093,0.327
2587,GO:0099131,1.0
2588,GO:0099132,0.452
2589,GO:0099152,0.126
2590,GO:0099158,0.1
2592,GO:0099566,0.138
2594,GO:0101030,0.285
2595,GO:0106004,0.813
2596,GO:0106005,0.909
2598,GO:0106046,0.368
2599,GO:0106074,0.273
2600,GO:0110032,1.0
2601,GO:0120009,0.679
2602,GO:1900026,1.0
2603,GO:1900036,1.0
2604,GO:1900073,0.819
2605,GO:1900075,0.821
2606,GO:1900087,0.071
2607,GO:1900118,0.644
2608,GO:1900150,0.318
2610,GO:1900182,0.443
2611,GO:1900194,0.341
2612,GO:1900364,0.883
2614,GO:1901006,0.438
2616,GO:1901045,0.794
2617,GO:1901046,1.0
2618,GO:1901048,0.42
2619,GO:1901074,0.866
2621,GO:1901076,0.346
2622,GO:1901135,0.333
2623,GO:1901137,0.36
2624,GO:1901190,0.921
2625,GO:1901214,0.736
2626,GO:1901215,0.213
2627,GO:1901216,0.596
2628,GO:1901244,0.321
2629,GO:1901255,0.072
2630,GO:1901315,0.463
2632,GO:1901407,0.934
2633,GO:1901562,1.0
2635,GO:1901642,1.0
2636,GO:1901800,0.597
2637,GO:1901907,0.892
2638,GO:1901909,0.882
2639,GO:1901911,0.89
2640,GO:1901962,0.706
2641,GO:1902000,0.852
2642,GO:1902042,0.394
2643,GO:1902074,0.406
2644,GO:1902075,0.08
2645,GO:1902093,0.302
2647,GO:1902104,0.39
2648,GO:1902230,0.683
2649,GO:1902287,0.645
2650,GO:1902356,0.342
2651,GO:1902358,0.543
2652,GO:1902389,0.692
2654,GO:1902412,1.0
2655,GO:1902445,0.387
2656,GO:1902463,0.87
2657,GO:1902473,0.388
2658,GO:1902474,0.695
2659,GO:1902475,0.375
2660,GO:1902476,1.0
2661,GO:1902477,0.283
2662,GO:1902479,1.0
2663,GO:1902531,0.559
2664,GO:1902559,0.798
2665,GO:1902600,0.015
2666,GO:1902616,0.175
2667,GO:1902626,0.282
2668,GO:1902647,0.514
2669,GO:1902648,0.314
2670,GO:1902667,0.051
2671,GO:1902669,1.0
2672,GO:1902684,0.405
2673,GO:1902685,0.047
2674,GO:1902742,0.017
2675,GO:1902751,1.0
2676,GO:1902805,0.494
2677,GO:1902806,0.103
2678,GO:1902807,0.022
2679,GO:1902842,0.653
2680,GO:1902855,0.192
2681,GO:1902882,0.739
2682,GO:1902883,0.465
2683,GO:1902884,1.0
2684,GO:1902969,0.304
2685,GO:1902975,0.276
2686,GO:1902979,0.619
2687,GO:1902983,0.783
2688,GO:1903036,0.284
2689,GO:1903104,0.517
2690,GO:1903146,0.293
2691,GO:1903188,0.614
2693,GO:1903224,0.104
2694,GO:1903226,0.116
2695,GO:1903259,0.84
2696,GO:1903292,0.745
2697,GO:1903298,0.092
2698,GO:1903354,0.241
2699,GO:1903356,0.711
2700,GO:1903358,0.514
2701,GO:1903361,0.065
2702,GO:1903364,0.261
2703,GO:1903394,0.446
2704,GO:1903401,0.909
2705,GO:1903426,0.919
2706,GO:1903427,1.0
2707,GO:1903436,0.583
2708,GO:1903461,0.711
2709,GO:1903506,0.781
2710,GO:1903507,1.0
2711,GO:1903508,1.0
2713,GO:1903539,0.527
2714,GO:1903569,0.632
2715,GO:1903646,0.94
2716,GO:1903742,0.8
2717,GO:1903743,0.425
2718,GO:1903744,0.861
2719,GO:1903745,0.37
2720,GO:1903746,0.868
2721,GO:1903775,0.578
2722,GO:1903818,1.0
2723,GO:1903825,0.669
2724,GO:1903826,0.888
2725,GO:1903830,0.564
2726,GO:1903854,0.379
2727,GO:1903862,0.893
2728,GO:1903863,0.43
2729,GO:1903998,0.473
2730,GO:1904000,1.0
2731,GO:1904068,0.934
2732,GO:1904070,0.468
2733,GO:1904081,0.365
2734,GO:1904107,0.629
2735,GO:1904109,1.0
2736,GO:1904122,0.158
2737,GO:1904123,0.819
2738,GO:1904146,0.395
2739,GO:1904161,0.429
2741,GO:1904263,0.366
2742,GO:1904294,0.377
2743,GO:1904357,0.188
2744,GO:1904382,0.784
2745,GO:1904430,0.655
2746,GO:1904482,0.359
2747,GO:1904491,0.45
2748,GO:1904498,0.201
2749,GO:1904668,0.582
2750,GO:1904731,0.837
2751,GO:1904746,0.14
2752,GO:1904747,0.017
2753,GO:1904748,0.361
2754,GO:1904776,0.679
2755,GO:1904778,0.438
2756,GO:1904780,0.731
2757,GO:1904781,0.691
2758,GO:1904787,0.02
2759,GO:1904799,0.082
2760,GO:1904807,1.0
2761,GO:1904810,0.168
2762,GO:1904811,0.045
2763,GO:1904812,0.301
2764,GO:1904825,0.39
2765,GO:1904901,0.937
2766,GO:1904936,1.0
2767,GO:1904937,0.018
2768,GO:1904951,0.686
2769,GO:1905244,0.126
2770,GO:1905261,0.562
2772,GO:1905342,0.393
2773,GO:1905406,0.159
2774,GO:1905437,0.935
2775,GO:1905473,0.918
2776,GO:1905484,0.14
2777,GO:1905485,1.0
2778,GO:1905488,0.043
2779,GO:1905491,0.075
2780,GO:1905515,1.0
2781,GO:1905516,0.608
2782,GO:1905691,0.026
2784,GO:1905751,0.303
2785,GO:1905775,0.224
2786,GO:1905789,1.0
2787,GO:1905792,1.0
2788,GO:1905798,0.385
2789,GO:1905801,0.375
2790,GO:1905803,0.367
2791,GO:1905804,0.629
2792,GO:1905808,0.228
2793,GO:1905815,0.312
2794,GO:1905845,0.254
2796,GO:1905885,0.937
2797,GO:1905897,0.083
2798,GO:1905905,0.402
2799,GO:1905909,0.838
2800,GO:1905910,0.072
2801,GO:1905936,0.261
2802,GO:1905938,0.418
2803,GO:1990001,0.633
2804,GO:1990048,0.39
2805,GO:1990116,0.699
2806,GO:1990126,0.836
2807,GO:1990169,0.771
2808,GO:1990258,0.787
2809,GO:1990386,0.068
2810,GO:1990414,0.158
2811,GO:1990426,0.321
2812,GO:1990440,0.162
2813,GO:1990456,0.743
2814,GO:1990461,0.642
2815,GO:1990481,0.47
2816,GO:1990502,0.04
2817,GO:1990504,0.529
2818,GO:1990511,0.382
2819,GO:1990519,0.724
2820,GO:1990569,0.246
2821,GO:1990573,0.146
2822,GO:1990575,0.104
2823,GO:1990592,0.562
2825,GO:1990822,0.899
2826,GO:1990834,0.134
2827,GO:1990893,0.434
2828,GO:2000008,0.604
2829,GO:2000009,0.769
2830,GO:2000045,0.271
2831,GO:2000060,0.251
2832,GO:2000114,0.51
2833,GO:2000134,0.5
2834,GO:2000147,0.911
2835,GO:2000173,0.179
2836,GO:2000212,0.591
2837,GO:2000213,0.626
2838,GO:2000241,0.534
2839,GO:2000243,1.0
2840,GO:2000253,0.907
2841,GO:2000272,0.529
2842,GO:2000292,0.832
2843,GO:2000294,0.635
2844,GO:2000301,0.384
2845,GO:2000310,0.395
2846,GO:2000311,0.633
2847,GO:2000331,0.081
2848,GO:2000370,0.724
2849,GO:2000431,0.895
2850,GO:2000480,0.603
2851,GO:2000543,0.924
2852,GO:2000574,0.3
2853,GO:2000582,0.165
2854,GO:2000635,0.41
2855,GO:2000643,0.377
2856,GO:2000648,0.707
2857,GO:2000650,0.868
2858,GO:2000677,0.123
2859,GO:2000737,0.436
2860,GO:2000738,0.567
2861,GO:2000746,0.228
2862,GO:2000766,0.466
2863,GO:2000767,0.449
2864,GO:2000785,0.221
2865,GO:2000786,0.787
2866,GO:2000815,0.235
2867,GO:2001022,0.548
2868,GO:2001046,1.0
2869,GO:2001056,0.037
2870,GO:2001135,0.948
2871,GO:2001165,0.934
2872,GO:2001173,0.606
2874,GO:2001240,0.051
2875,GO:2001243,0.543
2876,GO:2001253,0.758
2877,GO:2001255,0.932
2878,GO:2001256,0.906
2879,GO:2001258,0.928
2880,GO:2001294,0.792
